Positive,Negative,Neutral,adj_price,close_price
0.091,0.154,0.755,12469.971875,12469.971875
0.091,0.121,0.787,12472.245703,12472.245703
0.068,0.195,0.737,12474.519531,12474.519531
0.061,0.128,0.812,12480.69043,12480.69043
0.08,0.12,0.8,12398.009766,12398.009766
0.091,0.129,0.78,12406.503255333333,12406.503255333333
0.069,0.182,0.749,12414.996744666667,12414.996744666667
0.094,0.107,0.799,12423.490234,12423.490234
0.052,0.095,0.852,12416.599609,12416.599609
0.12,0.137,0.744,12442.160156,12442.160156
0.056,0.123,0.821,12514.980469,12514.980469
0.062,0.12,0.818,12556.080078,12556.080078
0.082,0.199,0.719,12562.7075195,12562.7075195
0.118,0.17,0.712,12569.334961,12569.334961
0.079,0.089,0.832,12575.9624025,12575.9624025
0.083,0.115,0.802,12582.589844,12582.589844
0.078,0.171,0.75,12577.150391,12577.150391
0.087,0.21,0.704,12567.929688,12567.929688
0.066,0.114,0.82,12565.530273,12565.530273
0.088,0.13,0.782,12536.073567333333,12536.073567333333
0.079,0.138,0.783,12506.616861666667,12506.616861666667
0.096,0.098,0.806,12477.160156,12477.160156
0.066,0.148,0.786,12533.799805,12533.799805
0.104,0.14,0.757,12621.769531,12621.769531
0.127,0.183,0.69,12502.55957,12502.55957
0.057,0.103,0.84,12487.019531,12487.019531
0.066,0.125,0.81,12488.273111666667,12488.273111666667
0.093,0.15,0.758,12489.526692333333,12489.526692333333
0.119,0.137,0.744,12490.780273,12490.780273
0.093,0.169,0.738,12523.30957,12523.30957
0.153,0.13,0.717,12621.69043,12621.69043
0.096,0.145,0.759,12673.679688,12673.679688
0.111,0.163,0.726,12653.490234,12653.490234
0.122,0.202,0.676,12656.240234,12656.240234
0.107,0.149,0.744,12658.990234,12658.990234
0.064,0.213,0.723,12661.740234,12661.740234
0.093,0.178,0.728,12666.30957,12666.30957
0.105,0.162,0.733,12666.870117,12666.870117
0.092,0.109,0.8,12637.629883,12637.629883
0.069,0.169,0.761,12580.830078,12580.830078
0.096,0.149,0.756,12571.403320333335,12571.403320333335
0.09,0.105,0.805,12561.976562666667,12561.976562666667
0.081,0.098,0.821,12552.549805,12552.549805
0.078,0.141,0.781,12654.849609,12654.849609
0.089,0.184,0.727,12741.860352,12741.860352
0.093,0.168,0.739,12765.009766,12765.009766
0.122,0.188,0.69,12767.570312,12767.570312
0.085,0.231,0.684,12772.337646,12772.337646
0.104,0.216,0.68,12777.10498,12777.10498
0.056,0.169,0.775,12781.872314,12781.872314
0.114,0.116,0.771,12786.639648,12786.639648
0.07,0.146,0.784,12738.410156,12738.410156
0.087,0.146,0.768,12686.019531,12686.019531
0.098,0.169,0.733,12647.480469,12647.480469
0.076,0.123,0.8,12642.406901333336,12642.406901333336
0.123,0.135,0.742,12637.333333666666,12637.333333666666
0.083,0.072,0.845,12632.259766,12632.259766
0.073,0.133,0.793,12216.240234,12216.240234
0.12,0.143,0.737,12268.629883,12268.629883
0.119,0.164,0.717,12234.339844,12234.339844
0.088,0.175,0.737,12114.099609,12114.099609
0.111,0.206,0.683,12092.869791333334,12092.869791333334
0.05,0.178,0.772,12071.639973666664,12071.639973666664
0.068,0.115,0.817,12050.410156,12050.410156
0.074,0.111,0.815,12207.589844,12207.589844
0.087,0.145,0.768,12192.450195,12192.450195
0.076,0.155,0.768,12260.700195,12260.700195
0.092,0.135,0.773,12276.320312,12276.320312
0.085,0.142,0.773,12290.420247,12290.420247
0.078,0.136,0.786,12304.520181999998,12304.520181999998
0.111,0.165,0.724,12318.620117,12318.620117
0.083,0.142,0.775,12075.959961,12075.959961
0.059,0.105,0.837,12133.400391,12133.400391
0.077,0.213,0.71,12159.679688,12159.679688
0.075,0.17,0.755,12110.410156,12110.410156
0.081,0.182,0.737,12148.996744666667,12148.996744666667
0.073,0.116,0.811,12187.583333333332,12187.583333333332
0.082,0.185,0.732,12226.169922,12226.169922
0.075,0.15,0.775,12288.099609,12288.099609
0.086,0.129,0.785,12447.519531,12447.519531
0.081,0.141,0.778,12461.139648,12461.139648
0.09,0.109,0.801,12481.009766,12481.009766
0.07,0.157,0.773,12477.029948000001,12477.029948000001
0.114,0.109,0.777,12473.05013,12473.05013
0.1,0.124,0.776,12469.070312,12469.070312
0.094,0.128,0.778,12397.290039,12397.290039
0.08,0.187,0.732,12300.360352,12300.360352
0.074,0.121,0.805,12348.75,12348.75
0.087,0.131,0.782,12354.349609,12354.349609
0.083,0.137,0.779,12363.666341,12363.666341
0.093,0.113,0.794,12372.983073,12372.983073
0.084,0.107,0.808,12382.299805,12382.299805
0.108,0.121,0.771,12510.299805,12510.299805
0.087,0.096,0.817,12530.049805,12530.049805
0.098,0.122,0.78,12560.200195,12560.200195
0.08,0.158,0.762,12562.43505825,12562.43505825
0.089,0.127,0.785,12564.6699215,12564.6699215
0.095,0.129,0.776,12566.90478475,12566.90478475
0.072,0.1,0.828,12569.139648,12569.139648
0.105,0.121,0.775,12573.849609,12573.849609
0.086,0.146,0.768,12484.620117,12484.620117
0.052,0.126,0.821,12552.959961,12552.959961
0.081,0.12,0.799,12612.129883,12612.129883
0.058,0.153,0.789,12648.239909,12648.239909
0.09,0.198,0.712,12684.349935,12684.349935
0.105,0.142,0.752,12720.459961,12720.459961
0.09,0.125,0.784,12773.040039,12773.040039
0.116,0.156,0.729,12803.839844,12803.839844
0.11,0.147,0.743,12808.629883,12808.629883
0.118,0.192,0.69,12961.980469,12961.980469
0.088,0.169,0.743,12947.787109666666,12947.787109666666
0.085,0.181,0.735,12933.593750333332,12933.593750333332
0.052,0.122,0.826,12919.400391,12919.400391
0.103,0.161,0.736,12953.94043,12953.94043
0.119,0.173,0.708,13089.889648,13089.889648
0.108,0.151,0.741,13105.5,13105.5
0.091,0.11,0.799,13120.94043,13120.94043
0.084,0.131,0.784,13101.597005333333,13101.597005333333
0.091,0.116,0.793,13082.253580666667,13082.253580666667
0.126,0.145,0.729,13062.910156,13062.910156
0.077,0.122,0.801,13136.139648,13136.139648
0.124,0.103,0.772,13211.879883,13211.879883
0.105,0.14,0.755,13241.379883,13241.379883
0.084,0.111,0.804,13264.620117,13264.620117
0.083,0.138,0.778,13280.736653666667,13280.736653666667
0.079,0.179,0.742,13296.853190333333,13296.853190333333
0.107,0.151,0.742,13312.969727,13312.969727
0.11,0.184,0.705,13309.070312,13309.070312
0.091,0.169,0.739,13362.870117,13362.870117
0.077,0.117,0.805,13215.129883,13215.129883
0.079,0.126,0.795,13326.219727,13326.219727
0.07,0.166,0.764,13333.073242333336,13333.073242333336
0.12,0.161,0.72,13339.926757666664,13339.926757666664
0.066,0.14,0.794,13346.780273,13346.780273
0.076,0.147,0.777,13383.839844,13383.839844
0.049,0.13,0.821,13487.530272999998,13487.530272999998
0.103,0.15,0.747,13476.719727000002,13476.719727000002
0.055,0.143,0.802,13556.530272999998,13556.530272999998
0.096,0.097,0.807,13551.980143,13551.980143
0.11,0.212,0.678,13547.430013,13547.430013
0.088,0.126,0.786,13542.879883000001,13542.879883000001
0.078,0.2,0.722,13539.950195,13539.950195
0.083,0.143,0.774,13525.650391,13525.650391
0.109,0.182,0.709,13441.129883000001,13441.129883000001
0.094,0.097,0.809,13507.280272999998,13507.280272999998
0.094,0.179,0.727,13510.79516575,13510.79516575
0.098,0.15,0.753,13514.310058500001,13514.310058500001
0.097,0.194,0.709,13517.82495125,13517.82495125
0.101,0.15,0.749,13521.339844,13521.339844
0.076,0.101,0.824,13633.080078,13633.080078
0.093,0.157,0.751,13627.639647999998,13627.639647999998
0.071,0.107,0.822,13668.110352000002,13668.110352000002
0.078,0.162,0.76,13670.847005333333,13670.847005333333
0.108,0.217,0.675,13673.583658666665,13673.583658666665
0.049,0.128,0.823,13676.320312,13676.320312
0.088,0.121,0.791,13595.459961000002,13595.459961000002
0.072,0.142,0.787,13465.669922,13465.669922
0.074,0.098,0.828,13266.730469,13266.730469
0.103,0.12,0.777,13424.389647999998,13424.389647999998
0.112,0.187,0.701,13424.579752333333,13424.579752333333
0.122,0.159,0.719,13424.769856666668,13424.769856666668
0.093,0.075,0.831,13424.959961000002,13424.959961000002
0.108,0.155,0.737,13295.009766,13295.009766
0.098,0.151,0.751,13482.349609,13482.349609
0.09,0.179,0.731,13553.730469,13553.730469
0.082,0.144,0.774,13639.480469,13639.480469
0.104,0.156,0.74,13630.647135666664,13630.647135666664
0.09,0.146,0.765,13621.813802333336,13621.813802333336
0.126,0.145,0.729,13612.980469,13612.980469
0.094,0.135,0.772,13635.419922,13635.419922
0.119,0.109,0.772,13489.419922,13489.419922
0.093,0.122,0.784,13545.839844,13545.839844
0.067,0.1,0.833,13360.259766,13360.259766
0.084,0.204,0.712,13357.523112333332,13357.523112333332
0.113,0.16,0.727,13354.786458666667,13354.786458666667
0.082,0.094,0.824,13352.049805,13352.049805
0.081,0.092,0.826,13337.660156,13337.660156
0.105,0.121,0.774,13427.730469,13427.730469
0.096,0.133,0.771,13422.280272999998,13422.280272999998
0.103,0.186,0.711,13408.620117,13408.620117
0.095,0.214,0.69,13450.889974000002,13450.889974000002
0.08,0.152,0.768,13493.159831,13493.159831
0.11,0.136,0.754,13535.429688,13535.429688
0.064,0.097,0.839,13577.299805,13577.299805
0.094,0.134,0.773,13571.5698245,13571.5698245
0.085,0.113,0.802,13565.839844,13565.839844
0.063,0.123,0.815,13611.679688,13611.679688
0.101,0.162,0.737,13624.443034333333,13624.443034333333
0.116,0.197,0.687,13637.206380666668,13637.206380666668
0.067,0.145,0.789,13649.969727000002,13649.969727000002
0.091,0.147,0.762,13501.700195,13501.700195
0.043,0.164,0.794,13577.870116999999,13577.870116999999
0.066,0.118,0.816,13861.730469,13861.730469
0.106,0.142,0.752,13907.25,13907.25
0.064,0.197,0.739,13921.826823,13921.826823
0.148,0.138,0.714,13936.403646,13936.403646
0.1,0.159,0.741,13950.980469,13950.980469
0.091,0.123,0.786,13971.549805,13971.549805
0.106,0.114,0.78,13918.219727000002,13918.219727000002
0.112,0.144,0.743,14000.410156,14000.410156
0.114,0.142,0.744,13851.080078,13851.080078
0.076,0.12,0.805,13881.860025999998,13881.860025999998
0.118,0.135,0.747,13912.639974000002,13912.639974000002
0.08,0.085,0.836,13943.419922,13943.419922
0.149,0.125,0.726,13716.950195,13716.950195
0.114,0.149,0.736,13785.070312,13785.070312
0.138,0.13,0.732,13473.570312,13473.570312
0.109,0.181,0.71,13265.469727,13265.469727
0.045,0.166,0.79,13296.416341333335,13296.416341333335
0.104,0.122,0.774,13327.362955666666,13327.362955666666
0.112,0.096,0.792,13358.30957,13358.30957
0.101,0.155,0.744,13211.990234,13211.990234
0.107,0.15,0.743,13362.370117,13362.370117
0.096,0.135,0.769,13463.330078,13463.330078
0.1,0.114,0.785,13181.910156,13181.910156
0.09,0.152,0.759,13277.533528333333,13277.533528333333
0.071,0.115,0.814,13373.156900666667,13373.156900666667
0.073,0.132,0.796,13468.780272999998,13468.780272999998
0.115,0.13,0.755,13504.299805,13504.299805
0.123,0.179,0.697,13657.860352000002,13657.860352000002
0.136,0.127,0.737,13270.679688,13270.679688
0.077,0.139,0.783,13239.540039,13239.540039
0.084,0.129,0.787,13238.536783666665,13238.536783666665
0.098,0.141,0.76,13237.533528333333,13237.533528333333
0.059,0.116,0.826,13236.530273,13236.530273
0.101,0.169,0.73,13028.919922,13028.919922
0.082,0.141,0.777,12861.469727,12861.469727
0.104,0.146,0.75,12845.780273,12845.780273
0.075,0.119,0.806,13079.080078,13079.080078
0.116,0.185,0.698,13093.169921666668,13093.169921666668
0.067,0.101,0.831,13107.259765333334,13107.259765333334
0.083,0.125,0.792,13121.349609,13121.349609
0.072,0.135,0.794,13090.860352,13090.860352
0.078,0.132,0.79,13236.129883,13236.129883
0.063,0.108,0.829,13235.879883,13235.879883
0.09,0.147,0.762,13378.870117,13378.870117
0.078,0.192,0.73,13359.956705666667,13359.956705666667
0.086,0.162,0.752,13341.043294333333,13341.043294333333
0.111,0.183,0.706,13322.129883,13322.129883
0.103,0.131,0.766,13041.849609,13041.849609
0.071,0.148,0.78,13289.290039,13289.290039
0.062,0.122,0.815,13238.730469,13238.730469
0.093,0.178,0.729,13357.740234,13357.740234
0.082,0.185,0.733,13380.5202635,13380.5202635
0.069,0.155,0.776,13403.300293,13403.300293
0.111,0.151,0.738,13426.0803225,13426.0803225
0.085,0.113,0.802,13448.860352000002,13448.860352000002
0.063,0.142,0.795,13305.469727,13305.469727
0.071,0.117,0.812,13363.349609,13363.349609
0.108,0.177,0.714,13113.379883,13113.379883
0.059,0.155,0.786,13118.203125,13118.203125
0.071,0.187,0.742,13123.026367,13123.026367
0.08,0.158,0.763,13127.849609,13127.849609
0.069,0.148,0.783,13308.389648,13308.389648
0.092,0.131,0.777,13291.650391,13291.650391
0.11,0.137,0.753,13424.879883000001,13424.879883000001
0.084,0.118,0.798,13442.519531,13442.519531
0.116,0.201,0.683,13429.486328,13429.486328
0.086,0.129,0.785,13416.453125,13416.453125
0.081,0.132,0.787,13403.419922,13403.419922
0.074,0.11,0.816,13739.389647999998,13739.389647999998
0.101,0.129,0.77,13815.55957,13815.55957
0.118,0.154,0.728,13766.700195,13766.700195
0.133,0.11,0.758,13820.19043,13820.19043
0.076,0.161,0.763,13799.813476666664,13799.813476666664
0.143,0.124,0.733,13779.436523333336,13779.436523333336
0.122,0.108,0.77,13759.05957,13759.05957
0.101,0.131,0.768,13778.650391,13778.650391
0.08,0.103,0.816,13878.150391,13878.150391
0.105,0.148,0.747,13912.94043,13912.94043
0.075,0.098,0.827,13895.629883000001,13895.629883000001
0.098,0.216,0.686,13959.603190333333,13959.603190333333
0.149,0.119,0.733,14023.576497666667,14023.576497666667
0.11,0.106,0.785,14087.549805,14087.549805
0.088,0.121,0.791,14047.30957,14047.30957
0.104,0.115,0.78,13968.049805,13968.049805
0.108,0.136,0.756,13974.30957,13974.30957
0.07,0.153,0.776,14066.009766,14066.009766
0.1,0.175,0.725,14058.583333666666,14058.583333666666
0.082,0.149,0.769,14051.156901333336,14051.156901333336
0.085,0.14,0.775,14043.730469,14043.730469
0.072,0.111,0.817,14164.530272999998,14164.530272999998
0.077,0.107,0.817,14078.69043,14078.69043
0.106,0.118,0.777,14015.120116999999,14015.120116999999
0.092,0.202,0.707,14093.080078,14093.080078
0.161,0.151,0.688,14056.986653666667,14056.986653666667
0.117,0.171,0.712,14020.893229333335,14020.893229333335
0.144,0.111,0.745,13984.799805,13984.799805
0.086,0.128,0.786,13912.94043,13912.94043
0.122,0.152,0.726,13892.540038999998,13892.540038999998
0.103,0.111,0.786,13888.959961000002,13888.959961000002
0.125,0.126,0.749,13522.019531,13522.019531
0.111,0.173,0.716,13537.002929666667,13537.002929666667
0.054,0.169,0.777,13551.986328333332,13551.986328333332
0.139,0.129,0.732,13566.969727000002,13566.969727000002
0.093,0.09,0.816,13676.230469,13676.230469
0.115,0.143,0.742,13675.25,13675.25
0.098,0.179,0.723,13671.919922,13671.919922
0.097,0.103,0.8,13806.700195,13806.700195
0.101,0.17,0.729,13827.886718666667,13827.886718666667
0.142,0.117,0.741,13849.073242333332,13849.073242333332
0.096,0.094,0.81,13870.259766,13870.259766
0.114,0.139,0.747,13792.469727000002,13792.469727000002
0.119,0.11,0.772,13930.009766,13930.009766
0.091,0.158,0.751,13567.870116999999,13567.870116999999
0.098,0.099,0.804,13595.099609,13595.099609
0.098,0.185,0.717,13577.866536333333,13577.866536333333
0.091,0.144,0.764,13560.633463666667,13560.633463666667
0.102,0.119,0.779,13543.400391,13543.400391
0.086,0.121,0.793,13660.94043,13660.94043
0.105,0.15,0.746,13300.019531,13300.019531
0.103,0.182,0.715,13266.290039,13266.290039
0.112,0.142,0.746,13042.740234,13042.740234
0.102,0.153,0.746,13024.343424333336,13024.343424333336
0.069,0.177,0.754,13005.946614666667,13005.946614666667
0.107,0.087,0.807,12987.549805,12987.549805
0.106,0.174,0.72,13307.089844,13307.089844
0.11,0.137,0.754,13231.009766,13231.009766
0.118,0.115,0.767,13110.049805,13110.049805
0.075,0.147,0.778,13176.790039,13176.790039
0.101,0.217,0.682,13104.006836,13104.006836
0.108,0.183,0.709,13031.223633,13031.223633
0.115,0.123,0.762,12958.44043,12958.44043
0.075,0.094,0.831,13010.139648,13010.139648
0.078,0.101,0.821,12799.040039,12799.040039
0.093,0.182,0.725,12889.959961,12889.959961
0.099,0.148,0.753,12980.879883,12980.879883
0.065,0.205,0.73,12901.733398666667,12901.733398666667
0.133,0.137,0.731,12822.586914333333,12822.586914333333
0.106,0.081,0.813,12743.44043,12743.44043
0.066,0.179,0.754,12958.44043,12958.44043
0.099,0.164,0.736,13289.450195,13289.450195
0.089,0.14,0.77,13311.730469,13311.730469
0.082,0.123,0.795,13371.719727,13371.719727
0.1,0.115,0.784,13352.669922,13352.669922
0.067,0.127,0.805,13333.620117,13333.620117
0.094,0.106,0.801,13314.570312,13314.570312
0.107,0.158,0.735,13248.730469,13248.730469
0.082,0.132,0.786,13444.959961000002,13444.959961000002
0.096,0.183,0.721,13619.889647999998,13619.889647999998
0.098,0.184,0.718,13625.580078,13625.580078
0.127,0.157,0.716,13659.396809666667,13659.396809666667
0.116,0.138,0.746,13693.213541333334,13693.213541333334
0.067,0.078,0.855,13727.030272999998,13727.030272999998
0.097,0.123,0.78,13432.769531,13432.769531
0.047,0.108,0.846,13473.900391,13473.900391
0.098,0.152,0.75,13517.959961000002,13517.959961000002
0.075,0.087,0.838,13339.849609,13339.849609
0.083,0.187,0.729,13282.299804333335,13282.299804333335
0.126,0.102,0.772,13224.749999666668,13224.749999666668
0.084,0.118,0.798,13167.200195,13167.200195
0.092,0.099,0.809,13232.469727,13232.469727
0.119,0.15,0.731,13207.269531,13207.269531
0.064,0.084,0.851,13245.639648,13245.639648
0.138,0.13,0.732,13450.650391,13450.650391
0.112,0.142,0.746,13483.780273666665,13483.780273666665
0.082,0.073,0.845,13516.910156333333,13516.910156333333
0.076,0.079,0.845,13550.040038999998,13550.040038999998
0.09,0.15,0.759,13550.8652345,13550.8652345
0.105,0.17,0.725,13551.69043,13551.69043
0.099,0.199,0.702,13359.610352,13359.610352
0.107,0.137,0.756,13365.870117,13365.870117
0.118,0.14,0.741,13332.186848666664,13332.186848666664
0.112,0.104,0.784,13298.503580333336,13298.503580333336
0.117,0.11,0.773,13264.820312,13264.820312
0.116,0.143,0.741,13154.3901365,13154.3901365
0.098,0.136,0.767,13043.959961,13043.959961
0.08,0.098,0.822,13056.719727,13056.719727
0.071,0.102,0.828,12800.179688,12800.179688
0.091,0.11,0.799,12809.283203333334,12809.283203333334
0.093,0.133,0.774,12818.386718666667,12818.386718666667
0.051,0.08,0.869,12827.490234,12827.490234
0.09,0.141,0.769,12589.070312,12589.070312
0.086,0.152,0.762,12735.30957,12735.30957
0.076,0.122,0.801,12853.089844,12853.089844
0.092,0.099,0.809,12606.299805,12606.299805
0.085,0.163,0.751,12663.583333666667,12663.583333666667
0.072,0.189,0.739,12720.866862333332,12720.866862333332
0.066,0.097,0.837,12778.150391,12778.150391
0.095,0.146,0.759,12501.110352,12501.110352
0.098,0.148,0.754,12466.160156,12466.160156
0.1,0.13,0.769,12159.209961,12159.209961
0.124,0.147,0.729,12099.299805,12099.299805
0.083,0.18,0.737,12067.27246125,12067.27246125
0.092,0.115,0.793,12035.2451175,12035.2451175
0.078,0.175,0.747,12003.21777375,12003.21777375
0.085,0.118,0.797,11971.19043,11971.19043
0.119,0.148,0.734,12270.169922,12270.169922
0.097,0.16,0.743,12378.610352,12378.610352
0.086,0.131,0.783,12207.169922,12207.169922
0.11,0.101,0.789,12266.076497333332,12266.076497333332
0.097,0.159,0.744,12324.983072666664,12324.983072666664
0.098,0.125,0.777,12383.889648,12383.889648
0.096,0.165,0.739,12480.299805,12480.299805
0.122,0.149,0.729,12442.830078,12442.830078
0.138,0.135,0.727,12650.360352,12650.360352
0.111,0.134,0.755,12743.19043,12743.19043
0.095,0.173,0.732,12707.180338666667,12707.180338666667
0.139,0.161,0.7,12671.170247333332,12671.170247333332
0.156,0.17,0.674,12635.160156,12635.160156
0.143,0.133,0.724,12265.129883,12265.129883
0.178,0.121,0.7,12200.099609,12200.099609
0.105,0.122,0.773,12247.0,12247.0
0.074,0.125,0.801,12182.129883,12182.129883
0.116,0.181,0.703,12201.423177333332,12201.423177333332
0.113,0.159,0.728,12220.716471666667,12220.716471666667
0.066,0.107,0.827,12240.009766,12240.009766
0.081,0.143,0.776,12373.410156,12373.410156
0.109,0.131,0.76,12552.240234,12552.240234
0.133,0.14,0.727,12376.980469,12376.980469
0.091,0.178,0.731,12348.209961,12348.209961
0.084,0.224,0.692,12345.4624025,12345.4624025
0.071,0.215,0.714,12342.714844,12342.714844
0.06,0.255,0.685,12339.9672855,12339.9672855
0.101,0.137,0.762,12337.219727,12337.219727
0.104,0.188,0.708,12427.259766,12427.259766
0.078,0.102,0.819,12284.299805,12284.299805
0.091,0.146,0.763,12381.019531,12381.019531
0.07,0.203,0.727,12444.086263,12444.086263
0.073,0.092,0.835,12507.152995,12507.152995
0.077,0.142,0.781,12570.219727,12570.219727
0.101,0.118,0.782,12684.919922,12684.919922
0.086,0.158,0.756,12694.280273,12694.280273
0.092,0.163,0.745,12582.179688,12582.179688
0.112,0.165,0.723,12266.389648,12266.389648
0.045,0.213,0.741,12263.893229000001,12263.893229000001
0.06,0.13,0.81,12261.39681,12261.39681
0.06,0.138,0.802,12258.900391,12258.900391
0.072,0.169,0.759,12213.799805,12213.799805
0.101,0.135,0.763,12254.990234,12254.990234
0.107,0.13,0.762,12040.389648,12040.389648
0.093,0.124,0.784,11893.69043,11893.69043
0.089,0.234,0.677,11842.510417,11842.510417
0.099,0.176,0.725,11791.330404,11791.330404
0.089,0.17,0.741,11740.150391,11740.150391
0.091,0.134,0.774,12156.80957,12156.80957
0.101,0.098,0.801,12110.240234,12110.240234
0.122,0.089,0.79,12145.740234,12145.740234
0.067,0.117,0.816,11951.089844,11951.089844
0.095,0.172,0.733,11958.143229333333,11958.143229333333
0.103,0.155,0.743,11965.196614666667,11965.196614666667
0.084,0.137,0.779,11972.25,11972.25
0.112,0.181,0.707,12392.660156,12392.660156
0.109,0.169,0.722,12099.660156,12099.660156
0.096,0.129,0.774,12361.320312,12361.320312
0.076,0.092,0.832,12408.150146,12408.150146
0.096,0.132,0.772,12454.97998,12454.97998
0.096,0.203,0.702,12501.809814,12501.809814
0.075,0.094,0.831,12548.639648,12548.639648
0.068,0.112,0.82,12532.599609,12532.599609
0.076,0.116,0.807,12422.860352,12422.860352
0.112,0.114,0.774,12302.459961,12302.459961
0.088,0.136,0.776,12216.400391,12216.400391
0.087,0.154,0.759,12231.89681,12231.89681
0.095,0.186,0.719,12247.393229000001,12247.393229000001
0.089,0.101,0.81,12262.889648,12262.889648
0.092,0.087,0.82,12654.360352,12654.360352
0.105,0.108,0.787,12608.919922,12608.919922
0.105,0.118,0.776,12626.030273,12626.030273
0.086,0.162,0.752,12609.419922,12609.419922
0.079,0.13,0.791,12610.423177333332,12610.423177333332
0.102,0.144,0.754,12611.426432666667,12611.426432666667
0.077,0.115,0.808,12612.429688,12612.429688
0.086,0.135,0.779,12576.44043,12576.44043
0.129,0.124,0.748,12527.259766,12527.259766
0.091,0.089,0.819,12581.980469,12581.980469
0.116,0.133,0.751,12325.419922,12325.419922
0.099,0.126,0.776,12317.633138,12317.633138
0.082,0.153,0.764,12309.846354000001,12309.846354000001
0.121,0.158,0.72,12302.05957,12302.05957
0.09,0.152,0.758,12362.469727,12362.469727
0.127,0.112,0.76,12619.269531,12619.269531
0.136,0.171,0.693,12620.490234,12620.490234
0.082,0.168,0.75,12849.360352,12849.360352
0.097,0.192,0.711,12841.246745,12841.246745
0.137,0.125,0.737,12833.133138,12833.133138
0.1,0.138,0.762,12825.019531,12825.019531
0.117,0.134,0.749,12720.230469,12720.230469
0.108,0.136,0.755,12763.219727,12763.219727
0.118,0.13,0.752,12848.950195,12848.950195
0.115,0.156,0.729,12891.860352,12891.860352
0.093,0.171,0.736,12885.156901333336,12885.156901333336
0.125,0.145,0.73,12878.453450666664,12878.453450666664
0.064,0.126,0.81,12871.75,12871.75
0.147,0.128,0.725,12831.94043,12831.94043
0.092,0.139,0.769,12820.129883,12820.129883
0.111,0.102,0.788,13010.0,13010.0
0.133,0.123,0.745,13058.200195,13058.200195
0.138,0.101,0.761,13028.646809666667,13028.646809666667
0.076,0.166,0.759,12999.093424333332,12999.093424333332
0.099,0.121,0.78,12969.540039,12969.540039
0.11,0.149,0.741,13020.830078,13020.830078
0.109,0.116,0.775,12814.349609,12814.349609
0.105,0.114,0.781,12866.780273,12866.780273
0.073,0.167,0.759,12745.879883,12745.879883
0.08,0.195,0.725,12789.356445333333,12789.356445333333
0.057,0.162,0.781,12832.833007666664,12832.833007666664
0.126,0.114,0.76,12876.30957,12876.30957
0.102,0.136,0.761,12832.179688,12832.179688
0.133,0.155,0.712,12898.379883,12898.379883
0.062,0.163,0.775,12992.660156,12992.660156
0.1,0.139,0.761,12986.799805,12986.799805
0.055,0.126,0.819,13000.586588666667,13000.586588666667
0.104,0.129,0.767,13014.373372333332,13014.373372333332
0.096,0.104,0.8,13028.160156,13028.160156
0.048,0.139,0.813,12828.679688,12828.679688
0.094,0.175,0.731,12601.19043,12601.19043
0.088,0.097,0.816,12625.620117,12625.620117
0.125,0.152,0.723,12479.629883,12479.629883
0.086,0.163,0.751,12496.8098145,12496.8098145
0.104,0.172,0.724,12513.989746,12513.989746
0.089,0.146,0.765,12531.1696775,12531.1696775
0.069,0.131,0.8,12548.349609,12548.349609
0.109,0.196,0.695,12594.030273,12594.030273
0.111,0.095,0.794,12646.219727,12646.219727
0.112,0.159,0.728,12638.320312,12638.320312
0.133,0.121,0.747,12593.486978666666,12593.486978666666
0.125,0.173,0.702,12548.653645333336,12548.653645333336
0.111,0.167,0.722,12503.820312,12503.820312
0.102,0.16,0.738,12402.849609,12402.849609
0.064,0.149,0.787,12390.480469,12390.480469
0.124,0.12,0.756,12604.450195,12604.450195
0.098,0.087,0.815,12209.80957,12209.80957
0.089,0.123,0.789,12233.313150666667,12233.313150666667
0.068,0.241,0.69,12256.816731333332,12256.816731333332
0.078,0.123,0.8,12280.320312,12280.320312
0.098,0.136,0.765,12289.759766,12289.759766
0.107,0.117,0.776,12083.769531,12083.769531
0.078,0.12,0.801,12141.580078,12141.580078
0.056,0.111,0.834,12307.349609,12307.349609
0.107,0.208,0.685,12294.593098666668,12294.593098666668
0.073,0.116,0.81,12281.836588333335,12281.836588333335
0.087,0.123,0.791,12269.080078,12269.080078
0.09,0.148,0.762,12160.299805,12160.299805
0.089,0.094,0.816,12029.05957,12029.05957
0.071,0.115,0.814,12063.089844,12063.089844
0.107,0.161,0.732,11842.69043,11842.69043
0.087,0.104,0.809,11842.580404,11842.580404
0.088,0.14,0.772,11842.470378,11842.470378
0.102,0.096,0.802,11842.360352,11842.360352
0.113,0.162,0.725,11807.429688,11807.429688
0.083,0.114,0.803,11811.830078,11811.830078
0.094,0.148,0.758,11453.419922,11453.419922
0.081,0.093,0.826,11346.509766,11346.509766
0.092,0.12,0.788,11347.676432666665,11347.676432666665
0.055,0.167,0.778,11348.843099333333,11348.843099333333
0.077,0.121,0.802,11350.009766,11350.009766
0.104,0.139,0.757,11382.259766,11382.259766
0.08,0.094,0.826,11215.509766,11215.509766
0.111,0.117,0.772,11288.540039,11288.540039
0.09,0.149,0.761,11274.3950195,11274.3950195
0.103,0.133,0.764,11260.25,11260.25
0.072,0.17,0.758,11246.1049805,11246.1049805
0.048,0.067,0.884,11231.959961,11231.959961
0.134,0.143,0.723,11384.209961,11384.209961
0.107,0.126,0.767,11147.44043,11147.44043
0.072,0.077,0.851,11229.019531,11229.019531
0.102,0.147,0.751,11100.540039,11100.540039
0.086,0.18,0.734,11085.423502666668,11085.423502666668
0.098,0.087,0.816,11070.306966333335,11070.306966333335
0.083,0.092,0.825,11055.19043,11055.19043
0.093,0.121,0.786,10962.540039,10962.540039
0.122,0.177,0.7,11239.280273,11239.280273
0.126,0.089,0.785,11446.660156,11446.660156
0.107,0.173,0.72,11496.570312,11496.570312
0.108,0.124,0.768,11486.826822666664,11486.826822666664
0.113,0.119,0.768,11477.083333333336,11477.083333333336
0.104,0.13,0.766,11467.339844,11467.339844
0.082,0.132,0.786,11602.5,11602.5
0.122,0.147,0.731,11632.379883,11632.379883
0.128,0.145,0.727,11349.280273,11349.280273
0.128,0.169,0.703,11370.69043,11370.69043
0.088,0.151,0.761,11290.820312666667,11290.820312666667
0.063,0.166,0.771,11210.950195333335,11210.950195333335
0.065,0.131,0.803,11131.080078,11131.080078
0.126,0.142,0.732,11397.55957,11397.55957
0.106,0.157,0.737,11583.69043,11583.69043
0.144,0.084,0.773,11378.019531,11378.019531
0.105,0.175,0.721,11326.320312,11326.320312
0.085,0.167,0.748,11312.263671666666,11312.263671666666
0.084,0.228,0.688,11298.207031333333,11298.207031333333
0.09,0.132,0.778,11284.150391,11284.150391
0.09,0.143,0.766,11615.769531,11615.769531
0.099,0.111,0.79,11656.070312,11656.070312
0.087,0.167,0.746,11431.429688,11431.429688
0.09,0.119,0.791,11734.320312,11734.320312
0.081,0.156,0.763,11750.330077666667,11750.330077666667
0.085,0.133,0.782,11766.339843333333,11766.339843333333
0.099,0.134,0.767,11782.349609,11782.349609
0.086,0.153,0.76,11642.469727,11642.469727
0.097,0.131,0.773,11532.959961,11532.959961
0.072,0.103,0.824,11615.929688,11615.929688
0.083,0.121,0.796,11659.900391,11659.900391
0.065,0.16,0.775,11599.730143333332,11599.730143333332
0.069,0.148,0.783,11539.559895666667,11539.559895666667
0.107,0.135,0.758,11479.389648,11479.389648
0.099,0.141,0.76,11348.549805,11348.549805
0.081,0.149,0.77,11417.429688,11417.429688
0.09,0.138,0.772,11430.209961,11430.209961
0.092,0.151,0.757,11628.05957,11628.05957
